Model,Mean Squared Error,Mean Absolute Error
Random Forest,19428.828958858965,104.31922528685126
LSTM,8.460318166494131e+16,290737840.23642206
