Mean Squared Error,Mean Absolute Error
71727.37034787137,262.9325621016569
